<mesh>
    <submeshes>
        <submesh material="strut_tube" usesharedvertices="false" use32bitindexes="false" operationtype="triangle_list">
            <faces count="80">
                <face v1="0" v2="1" v3="2"/>
                <face v1="2" v2="1" v3="3"/>
                <face v1="1" v2="4" v3="3"/>
                <face v1="3" v2="4" v3="5"/>
                <face v1="4" v2="6" v3="5"/>
                <face v1="5" v2="6" v3="7"/>
                <face v1="6" v2="8" v3="7"/>
                <face v1="7" v2="8" v3="9"/>
                <face v1="8" v2="10" v3="9"/>
                <face v1="9" v2="10" v3="11"/>
                <face v1="10" v2="12" v3="11"/>
                <face v1="11" v2="12" v3="13"/>
                <face v1="12" v2="14" v3="13"/>
                <face v1="13" v2="14" v3="15"/>
                <face v1="14" v2="16" v3="15"/>
                <face v1="15" v2="16" v3="17"/>
                <face v1="16" v2="18" v3="17"/>
                <face v1="17" v2="18" v3="19"/>
                <face v1="18" v2="20" v3="19"/>
                <face v1="19" v2="20" v3="21"/>
                <face v1="20" v2="22" v3="21"/>
                <face v1="21" v2="22" v3="23"/>
                <face v1="22" v2="24" v3="23"/>
                <face v1="23" v2="24" v3="25"/>
                <face v1="24" v2="26" v3="25"/>
                <face v1="25" v2="26" v3="27"/>
                <face v1="26" v2="28" v3="27"/>
                <face v1="27" v2="28" v3="29"/>
                <face v1="28" v2="30" v3="29"/>
                <face v1="29" v2="30" v3="31"/>
                <face v1="30" v2="32" v3="31"/>
                <face v1="31" v2="32" v3="33"/>
                <face v1="32" v2="34" v3="33"/>
                <face v1="33" v2="34" v3="35"/>
                <face v1="34" v2="36" v3="35"/>
                <face v1="35" v2="36" v3="37"/>
                <face v1="36" v2="38" v3="37"/>
                <face v1="37" v2="38" v3="39"/>
                <face v1="38" v2="40" v3="39"/>
                <face v1="39" v2="40" v3="41"/>
                <face v1="42" v2="43" v3="44"/>
                <face v1="45" v2="42" v3="44"/>
                <face v1="46" v2="45" v3="44"/>
                <face v1="47" v2="46" v3="44"/>
                <face v1="48" v2="47" v3="44"/>
                <face v1="49" v2="48" v3="44"/>
                <face v1="50" v2="49" v3="44"/>
                <face v1="51" v2="50" v3="44"/>
                <face v1="52" v2="51" v3="44"/>
                <face v1="53" v2="52" v3="44"/>
                <face v1="54" v2="53" v3="44"/>
                <face v1="55" v2="54" v3="44"/>
                <face v1="56" v2="55" v3="44"/>
                <face v1="57" v2="56" v3="44"/>
                <face v1="58" v2="57" v3="44"/>
                <face v1="59" v2="58" v3="44"/>
                <face v1="60" v2="59" v3="44"/>
                <face v1="61" v2="60" v3="44"/>
                <face v1="62" v2="61" v3="44"/>
                <face v1="43" v2="62" v3="44"/>
                <face v1="63" v2="64" v3="65"/>
                <face v1="64" v2="66" v3="65"/>
                <face v1="66" v2="67" v3="65"/>
                <face v1="67" v2="68" v3="65"/>
                <face v1="68" v2="69" v3="65"/>
                <face v1="69" v2="70" v3="65"/>
                <face v1="70" v2="71" v3="65"/>
                <face v1="71" v2="72" v3="65"/>
                <face v1="72" v2="73" v3="65"/>
                <face v1="73" v2="74" v3="65"/>
                <face v1="74" v2="75" v3="65"/>
                <face v1="75" v2="76" v3="65"/>
                <face v1="76" v2="77" v3="65"/>
                <face v1="77" v2="78" v3="65"/>
                <face v1="78" v2="79" v3="65"/>
                <face v1="79" v2="80" v3="65"/>
                <face v1="80" v2="81" v3="65"/>
                <face v1="81" v2="82" v3="65"/>
                <face v1="82" v2="83" v3="65"/>
                <face v1="83" v2="63" v3="65"/>
            </faces>

            <geometry vertexcount="84">
                <vertexbuffer positions="true" normals="true" texture_coord_dimensions_0="float2" tangents="false" binormals="false" texture_coords="1">
            <vertex>
                <position x="0.190211" y="-1.000000" z="-0.061803"/>
                <normal x="0.702963" y="-0.673513" z="-0.228401"/>
                <texcoord u="0.375000" v="0.687500"/>
            </vertex>
            <vertex>
                <position x="0.161804" y="-1.000000" z="-0.117557"/>
                <normal x="0.597980" y="-0.673513" z="-0.434462"/>
                <texcoord u="0.387500" v="0.687500"/>
            </vertex>
            <vertex>
                <position x="0.190211" y="1.000000" z="-0.061803"/>
                <normal x="0.702963" y="0.673513" z="-0.228401"/>
                <texcoord u="0.375000" v="0.311560"/>
            </vertex>
            <vertex>
                <position x="0.161804" y="1.000000" z="-0.117557"/>
                <normal x="0.597980" y="0.673513" z="-0.434462"/>
                <texcoord u="0.387500" v="0.311560"/>
            </vertex>
            <vertex>
                <position x="0.117557" y="-1.000000" z="-0.161803"/>
                <normal x="0.434431" y="-0.673513" z="-0.597980"/>
                <texcoord u="0.400000" v="0.687500"/>
            </vertex>
            <vertex>
                <position x="0.117557" y="1.000000" z="-0.161803"/>
                <normal x="0.434431" y="0.673513" z="-0.597980"/>
                <texcoord u="0.400000" v="0.311560"/>
            </vertex>
            <vertex>
                <position x="0.061803" y="-1.000000" z="-0.190211"/>
                <normal x="0.228401" y="-0.673513" z="-0.702963"/>
                <texcoord u="0.412500" v="0.687500"/>
            </vertex>
            <vertex>
                <position x="0.061803" y="1.000000" z="-0.190211"/>
                <normal x="0.228401" y="0.673513" z="-0.702963"/>
                <texcoord u="0.412500" v="0.311560"/>
            </vertex>
            <vertex>
                <position x="0.000000" y="-1.000000" z="-0.200000"/>
                <normal x="0.000000" y="-0.673513" z="-0.739128"/>
                <texcoord u="0.425000" v="0.687500"/>
            </vertex>
            <vertex>
                <position x="0.000000" y="1.000000" z="-0.200000"/>
                <normal x="0.000000" y="0.673513" z="-0.739128"/>
                <texcoord u="0.425000" v="0.311560"/>
            </vertex>
            <vertex>
                <position x="-0.061803" y="-1.000000" z="-0.190211"/>
                <normal x="-0.228401" y="-0.673513" z="-0.702963"/>
                <texcoord u="0.437500" v="0.687500"/>
            </vertex>
            <vertex>
                <position x="-0.061803" y="1.000000" z="-0.190211"/>
                <normal x="-0.228401" y="0.673513" z="-0.702963"/>
                <texcoord u="0.437500" v="0.311560"/>
            </vertex>
            <vertex>
                <position x="-0.117557" y="-1.000000" z="-0.161803"/>
                <normal x="-0.434462" y="-0.673513" z="-0.597980"/>
                <texcoord u="0.450000" v="0.687500"/>
            </vertex>
            <vertex>
                <position x="-0.117557" y="1.000000" z="-0.161803"/>
                <normal x="-0.434462" y="0.673513" z="-0.597980"/>
                <texcoord u="0.450000" v="0.311560"/>
            </vertex>
            <vertex>
                <position x="-0.161803" y="-1.000000" z="-0.117557"/>
                <normal x="-0.597980" y="-0.673513" z="-0.434462"/>
                <texcoord u="0.462500" v="0.687500"/>
            </vertex>
            <vertex>
                <position x="-0.161803" y="1.000000" z="-0.117557"/>
                <normal x="-0.597980" y="0.673513" z="-0.434462"/>
                <texcoord u="0.462500" v="0.311560"/>
            </vertex>
            <vertex>
                <position x="-0.190211" y="-1.000000" z="-0.061803"/>
                <normal x="-0.702963" y="-0.673513" z="-0.228401"/>
                <texcoord u="0.475000" v="0.687500"/>
            </vertex>
            <vertex>
                <position x="-0.190211" y="1.000000" z="-0.061803"/>
                <normal x="-0.702963" y="0.673513" z="-0.228401"/>
                <texcoord u="0.475000" v="0.311560"/>
            </vertex>
            <vertex>
                <position x="-0.200000" y="-1.000000" z="-0.000000"/>
                <normal x="-0.739128" y="-0.673513" z="-0.000000"/>
                <texcoord u="0.487500" v="0.687500"/>
            </vertex>
            <vertex>
                <position x="-0.200000" y="1.000000" z="0.000000"/>
                <normal x="-0.739128" y="0.673513" z="-0.000000"/>
                <texcoord u="0.487500" v="0.311560"/>
            </vertex>
            <vertex>
                <position x="-0.190211" y="-1.000000" z="0.061803"/>
                <normal x="-0.702963" y="-0.673513" z="0.228401"/>
                <texcoord u="0.500000" v="0.687500"/>
            </vertex>
            <vertex>
                <position x="-0.190211" y="1.000000" z="0.061803"/>
                <normal x="-0.702963" y="0.673513" z="0.228401"/>
                <texcoord u="0.500000" v="0.311560"/>
            </vertex>
            <vertex>
                <position x="-0.161803" y="-1.000000" z="0.117557"/>
                <normal x="-0.597980" y="-0.673513" z="0.434462"/>
                <texcoord u="0.512500" v="0.687500"/>
            </vertex>
            <vertex>
                <position x="-0.161803" y="1.000000" z="0.117557"/>
                <normal x="-0.597980" y="0.673513" z="0.434462"/>
                <texcoord u="0.512500" v="0.311560"/>
            </vertex>
            <vertex>
                <position x="-0.117557" y="-1.000000" z="0.161803"/>
                <normal x="-0.434462" y="-0.673513" z="0.597980"/>
                <texcoord u="0.525000" v="0.687500"/>
            </vertex>
            <vertex>
                <position x="-0.117557" y="1.000000" z="0.161803"/>
                <normal x="-0.434462" y="0.673513" z="0.597980"/>
                <texcoord u="0.525000" v="0.311560"/>
            </vertex>
            <vertex>
                <position x="-0.061803" y="-1.000000" z="0.190211"/>
                <normal x="-0.228401" y="-0.673513" z="0.702963"/>
                <texcoord u="0.537500" v="0.687500"/>
            </vertex>
            <vertex>
                <position x="-0.061803" y="1.000000" z="0.190211"/>
                <normal x="-0.228401" y="0.673513" z="0.702963"/>
                <texcoord u="0.537500" v="0.311560"/>
            </vertex>
            <vertex>
                <position x="-0.000000" y="-1.000000" z="0.200000"/>
                <normal x="0.000000" y="-0.673513" z="0.739128"/>
                <texcoord u="0.550000" v="0.687500"/>
            </vertex>
            <vertex>
                <position x="-0.000000" y="1.000000" z="0.200000"/>
                <normal x="0.000000" y="0.673513" z="0.739128"/>
                <texcoord u="0.550000" v="0.311560"/>
            </vertex>
            <vertex>
                <position x="0.061803" y="-1.000000" z="0.190211"/>
                <normal x="0.228401" y="-0.673513" z="0.702963"/>
                <texcoord u="0.562500" v="0.687500"/>
            </vertex>
            <vertex>
                <position x="0.061803" y="1.000000" z="0.190211"/>
                <normal x="0.228401" y="0.673513" z="0.702963"/>
                <texcoord u="0.562500" v="0.311560"/>
            </vertex>
            <vertex>
                <position x="0.117557" y="-1.000000" z="0.161803"/>
                <normal x="0.434462" y="-0.673513" z="0.597980"/>
                <texcoord u="0.575000" v="0.687500"/>
            </vertex>
            <vertex>
                <position x="0.117557" y="1.000000" z="0.161803"/>
                <normal x="0.434462" y="0.673513" z="0.597980"/>
                <texcoord u="0.575000" v="0.311560"/>
            </vertex>
            <vertex>
                <position x="0.161803" y="-1.000000" z="0.117557"/>
                <normal x="0.597980" y="-0.673513" z="0.434462"/>
                <texcoord u="0.587500" v="0.687500"/>
            </vertex>
            <vertex>
                <position x="0.161803" y="1.000000" z="0.117557"/>
                <normal x="0.597980" y="0.673513" z="0.434462"/>
                <texcoord u="0.587500" v="0.311560"/>
            </vertex>
            <vertex>
                <position x="0.190211" y="-1.000000" z="0.061803"/>
                <normal x="0.702963" y="-0.673513" z="0.228401"/>
                <texcoord u="0.600000" v="0.687500"/>
            </vertex>
            <vertex>
                <position x="0.190211" y="1.000000" z="0.061803"/>
                <normal x="0.702963" y="0.673513" z="0.228401"/>
                <texcoord u="0.600000" v="0.311560"/>
            </vertex>
            <vertex>
                <position x="0.200000" y="-1.000000" z="-0.000000"/>
                <normal x="0.739128" y="-0.673513" z="-0.000000"/>
                <texcoord u="0.612500" v="0.687500"/>
            </vertex>
            <vertex>
                <position x="0.200000" y="1.000000" z="0.000000"/>
                <normal x="0.739128" y="0.673513" z="-0.000000"/>
                <texcoord u="0.612500" v="0.311560"/>
            </vertex>
            <vertex>
                <position x="0.190211" y="-1.000000" z="-0.061803"/>
                <normal x="0.702963" y="-0.673513" z="-0.228401"/>
                <texcoord u="0.625000" v="0.687500"/>
            </vertex>
            <vertex>
                <position x="0.190211" y="1.000000" z="-0.061803"/>
                <normal x="0.702963" y="0.673513" z="-0.228401"/>
                <texcoord u="0.625000" v="0.311560"/>
            </vertex>
            <vertex>
                <position x="0.161804" y="-1.000000" z="-0.117557"/>
                <normal x="0.597980" y="-0.673513" z="-0.434462"/>
                <texcoord u="0.626409" v="0.935592"/>
            </vertex>
            <vertex>
                <position x="0.190211" y="-1.000000" z="-0.061803"/>
                <normal x="0.702963" y="-0.673513" z="-0.228401"/>
                <texcoord u="0.648603" v="0.892034"/>
            </vertex>
            <vertex>
                <position x="0.000000" y="-1.000000" z="-0.000000"/>
                <normal x="0.000000" y="-1.000000" z="-0.000000"/>
                <texcoord u="0.500000" v="0.850000"/>
            </vertex>
            <vertex>
                <position x="0.117557" y="-1.000000" z="-0.161803"/>
                <normal x="0.434431" y="-0.673513" z="-0.597980"/>
                <texcoord u="0.591842" v="0.970159"/>
            </vertex>
            <vertex>
                <position x="0.061803" y="-1.000000" z="-0.190211"/>
                <normal x="0.228401" y="-0.673513" z="-0.702963"/>
                <texcoord u="0.548284" v="0.992353"/>
            </vertex>
            <vertex>
                <position x="0.000000" y="-1.000000" z="-0.200000"/>
                <normal x="0.000000" y="-0.673513" z="-0.739128"/>
                <texcoord u="0.500000" v="1.000000"/>
            </vertex>
            <vertex>
                <position x="-0.061803" y="-1.000000" z="-0.190211"/>
                <normal x="-0.228401" y="-0.673513" z="-0.702963"/>
                <texcoord u="0.451716" v="0.992353"/>
            </vertex>
            <vertex>
                <position x="-0.117557" y="-1.000000" z="-0.161803"/>
                <normal x="-0.434462" y="-0.673513" z="-0.597980"/>
                <texcoord u="0.408159" v="0.970159"/>
            </vertex>
            <vertex>
                <position x="-0.161803" y="-1.000000" z="-0.117557"/>
                <normal x="-0.597980" y="-0.673513" z="-0.434462"/>
                <texcoord u="0.373591" v="0.935591"/>
            </vertex>
            <vertex>
                <position x="-0.190211" y="-1.000000" z="-0.061803"/>
                <normal x="-0.702963" y="-0.673513" z="-0.228401"/>
                <texcoord u="0.351397" v="0.892034"/>
            </vertex>
            <vertex>
                <position x="-0.200000" y="-1.000000" z="-0.000000"/>
                <normal x="-0.739128" y="-0.673513" z="-0.000000"/>
                <texcoord u="0.343750" v="0.843750"/>
            </vertex>
            <vertex>
                <position x="-0.190211" y="-1.000000" z="0.061803"/>
                <normal x="-0.702963" y="-0.673513" z="0.228401"/>
                <texcoord u="0.351397" v="0.795466"/>
            </vertex>
            <vertex>
                <position x="-0.161803" y="-1.000000" z="0.117557"/>
                <normal x="-0.597980" y="-0.673513" z="0.434462"/>
                <texcoord u="0.373591" v="0.751909"/>
            </vertex>
            <vertex>
                <position x="-0.117557" y="-1.000000" z="0.161803"/>
                <normal x="-0.434462" y="-0.673513" z="0.597980"/>
                <texcoord u="0.408159" v="0.717341"/>
            </vertex>
            <vertex>
                <position x="-0.061803" y="-1.000000" z="0.190211"/>
                <normal x="-0.228401" y="-0.673513" z="0.702963"/>
                <texcoord u="0.451716" v="0.695147"/>
            </vertex>
            <vertex>
                <position x="-0.000000" y="-1.000000" z="0.200000"/>
                <normal x="0.000000" y="-0.673513" z="0.739128"/>
                <texcoord u="0.500000" v="0.687500"/>
            </vertex>
            <vertex>
                <position x="0.061803" y="-1.000000" z="0.190211"/>
                <normal x="0.228401" y="-0.673513" z="0.702963"/>
                <texcoord u="0.548284" v="0.695147"/>
            </vertex>
            <vertex>
                <position x="0.117557" y="-1.000000" z="0.161803"/>
                <normal x="0.434462" y="-0.673513" z="0.597980"/>
                <texcoord u="0.591841" v="0.717341"/>
            </vertex>
            <vertex>
                <position x="0.161803" y="-1.000000" z="0.117557"/>
                <normal x="0.597980" y="-0.673513" z="0.434462"/>
                <texcoord u="0.626409" v="0.751909"/>
            </vertex>
            <vertex>
                <position x="0.190211" y="-1.000000" z="0.061803"/>
                <normal x="0.702963" y="-0.673513" z="0.228401"/>
                <texcoord u="0.648603" v="0.795466"/>
            </vertex>
            <vertex>
                <position x="0.200000" y="-1.000000" z="-0.000000"/>
                <normal x="0.739128" y="-0.673513" z="-0.000000"/>
                <texcoord u="0.656250" v="0.843750"/>
            </vertex>
            <vertex>
                <position x="0.190211" y="1.000000" z="-0.061803"/>
                <normal x="0.702963" y="0.673513" z="-0.228401"/>
                <texcoord u="0.648603" v="0.107966"/>
            </vertex>
            <vertex>
                <position x="0.161804" y="1.000000" z="-0.117557"/>
                <normal x="0.597980" y="0.673513" z="-0.434462"/>
                <texcoord u="0.626409" v="0.064409"/>
            </vertex>
            <vertex>
                <position x="0.000000" y="1.000000" z="0.000000"/>
                <normal x="0.000000" y="1.000000" z="-0.000000"/>
                <texcoord u="0.500000" v="0.162500"/>
            </vertex>
            <vertex>
                <position x="0.117557" y="1.000000" z="-0.161803"/>
                <normal x="0.434431" y="0.673513" z="-0.597980"/>
                <texcoord u="0.591841" v="0.029841"/>
            </vertex>
            <vertex>
                <position x="0.061803" y="1.000000" z="-0.190211"/>
                <normal x="0.228401" y="0.673513" z="-0.702963"/>
                <texcoord u="0.548284" v="0.007647"/>
            </vertex>
            <vertex>
                <position x="0.000000" y="1.000000" z="-0.200000"/>
                <normal x="0.000000" y="0.673513" z="-0.739128"/>
                <texcoord u="0.500000" v="0.000000"/>
            </vertex>
            <vertex>
                <position x="-0.061803" y="1.000000" z="-0.190211"/>
                <normal x="-0.228401" y="0.673513" z="-0.702963"/>
                <texcoord u="0.451716" v="0.007647"/>
            </vertex>
            <vertex>
                <position x="-0.117557" y="1.000000" z="-0.161803"/>
                <normal x="-0.434462" y="0.673513" z="-0.597980"/>
                <texcoord u="0.408159" v="0.029841"/>
            </vertex>
            <vertex>
                <position x="-0.161803" y="1.000000" z="-0.117557"/>
                <normal x="-0.597980" y="0.673513" z="-0.434462"/>
                <texcoord u="0.373591" v="0.064409"/>
            </vertex>
            <vertex>
                <position x="-0.190211" y="1.000000" z="-0.061803"/>
                <normal x="-0.702963" y="0.673513" z="-0.228401"/>
                <texcoord u="0.351397" v="0.107966"/>
            </vertex>
            <vertex>
                <position x="-0.200000" y="1.000000" z="0.000000"/>
                <normal x="-0.739128" y="0.673513" z="-0.000000"/>
                <texcoord u="0.343750" v="0.156250"/>
            </vertex>
            <vertex>
                <position x="-0.190211" y="1.000000" z="0.061803"/>
                <normal x="-0.702963" y="0.673513" z="0.228401"/>
                <texcoord u="0.351397" v="0.204534"/>
            </vertex>
            <vertex>
                <position x="-0.161803" y="1.000000" z="0.117557"/>
                <normal x="-0.597980" y="0.673513" z="0.434462"/>
                <texcoord u="0.373591" v="0.248091"/>
            </vertex>
            <vertex>
                <position x="-0.117557" y="1.000000" z="0.161803"/>
                <normal x="-0.434462" y="0.673513" z="0.597980"/>
                <texcoord u="0.408159" v="0.282659"/>
            </vertex>
            <vertex>
                <position x="-0.061803" y="1.000000" z="0.190211"/>
                <normal x="-0.228401" y="0.673513" z="0.702963"/>
                <texcoord u="0.451716" v="0.304853"/>
            </vertex>
            <vertex>
                <position x="-0.000000" y="1.000000" z="0.200000"/>
                <normal x="0.000000" y="0.673513" z="0.739128"/>
                <texcoord u="0.500000" v="0.312500"/>
            </vertex>
            <vertex>
                <position x="0.061803" y="1.000000" z="0.190211"/>
                <normal x="0.228401" y="0.673513" z="0.702963"/>
                <texcoord u="0.548284" v="0.304853"/>
            </vertex>
            <vertex>
                <position x="0.117557" y="1.000000" z="0.161803"/>
                <normal x="0.434462" y="0.673513" z="0.597980"/>
                <texcoord u="0.591842" v="0.282659"/>
            </vertex>
            <vertex>
                <position x="0.161803" y="1.000000" z="0.117557"/>
                <normal x="0.597980" y="0.673513" z="0.434462"/>
                <texcoord u="0.626409" v="0.248092"/>
            </vertex>
            <vertex>
                <position x="0.190211" y="1.000000" z="0.061803"/>
                <normal x="0.702963" y="0.673513" z="0.228401"/>
                <texcoord u="0.648603" v="0.204534"/>
            </vertex>
            <vertex>
                <position x="0.200000" y="1.000000" z="0.000000"/>
                <normal x="0.739128" y="0.673513" z="-0.000000"/>
                <texcoord u="0.656250" v="0.156250"/>
            </vertex>

                </vertexbuffer>
            </geometry>
        </submesh>
    </submeshes>
    <submeshnames>
        <submeshname name="submesh0" index="0"/>
    </submeshnames>
</mesh>